name,link
Nhà Đất Thuận Phát,https://www.facebook.com/tran.ieu.570391
Cao Minh Thiện,https://www.facebook.com/cao.minh.thien.521467
Bđs Nhà Đất. Thanh Ân,https://www.facebook.com/chuyen.b.s.tp.di.an.chuyen.nghiep.uy.tin
Hưng Nhà Đất,https://www.facebook.com/hung.nha.at.610926
Đức Phát Land,https://www.facebook.com/ucphatland.883253
Thắm Bùi Nhahanoi,https://www.facebook.com/chippy.chippy.921230
Thanh Hằng,https://www.facebook.com/thu.hang.791190
Nguyễn Đức Tin,https://www.facebook.com/dubluc.le
Nguyễn Đăng Ánh Bđs,https://www.facebook.com/nguyendanganhbdsvn
Lời mời kết bạn,https://www.facebook.com/friends/
Nhà Đất Bình Dương,https://www.facebook.com/nha.at.binh.duong.51749
Tuấn Bđs,https://www.facebook.com/tuan.b.s.230191
Phúc Hậu,https://www.facebook.com/hoangphucpamjsc
Giang Nguyễn,https://www.facebook.com/giangokucantho
Le Long Bđs,https://www.facebook.com/le.long.b.s
Hoàng Nam Bđs,https://www.facebook.com/Hoangnambdsmom6868
Nhà Đất Nghĩa Hưng,https://www.facebook.com/nha.at.nghia.hung
Hiển Land Bđs,https://www.facebook.com/hien.land.b.s
Bđs Thành Tín Land,https://www.facebook.com/ct.an.phat
Quyen Bds,https://www.facebook.com/quyen.bds.2025
Phạm Thanh Bình,https://www.facebook.com/pham.thanh.binh.646220
Phạm Hoài Nam,https://www.facebook.com/pham.vuong.703723
Trần Nghĩa,https://www.facebook.com/tran.nghia.644742
Dũng Bđs,https://www.facebook.com/dung.b.s.467818
Thanh Dương,https://www.facebook.com/thanh.duong.611606
Minh Quân,https://www.facebook.com/quannguyen.quan.73307
Bđs Mai Điền,https://www.facebook.com/b.s.mai.ien
Bđs Dương Nguyễn,https://www.facebook.com/b.s.duong.nguyen.2025
Sổ Cọc Nhà Đất,https://www.facebook.com/so.coc.nha.at.36430
Bđs Dương Phát Land,https://www.facebook.com/b.s.duong.thuan.phat.2024
